time_sec,knee_angle,hip_y,LEFT_HIP_x,LEFT_HIP_y,LEFT_KNEE_x,LEFT_KNEE_y,LEFT_ANKLE_x,LEFT_ANKLE_y,RIGHT_HIP_x,RIGHT_HIP_y,RIGHT_KNEE_x,RIGHT_KNEE_y,RIGHT_ANKLE_x,RIGHT_ANKLE_y,LEFT_SHOULDER_x,LEFT_SHOULDER_y,RIGHT_SHOULDER_x,RIGHT_SHOULDER_y,LEFT_ELBOW_x,LEFT_ELBOW_y,RIGHT_ELBOW_x,RIGHT_ELBOW_y,LEFT_WRIST_x,LEFT_WRIST_y,RIGHT_WRIST_x,RIGHT_WRIST_y,LEFT_KNEE_y_s,RIGHT_KNEE_y_s,LEFT_ANKLE_y_s,RIGHT_ANKLE_y_s,lk_v,rk_v,phase
1.918,99.23349303184108,0.5219091176986694,0.0561124570667743,0.5225818157196045,0.0707233250141143,0.5265383720397949,0.0527816414833068,0.562248170375824,0.0531942024827003,0.5212364196777344,0.0429045110940933,0.5170581340789795,0.0019229667959734,0.5489273071289062,0.0242371894419193,0.5620802044868469,0.0252604149281978,0.5623332262039185,0.0406854413449764,0.5399442315101624,0.045727863907814,0.5426702499389648,0.0599095858633518,0.534678041934967,0.0573085062205791,0.5444775819778442,,,,,,,prep
1.935,146.35566743293325,0.521362841129303,0.0679471716284751,0.5222580432891846,0.074965551495552,0.5330818891525269,0.0549740754067897,0.5688318014144897,0.0609756186604499,0.5204676389694214,0.0536118596792221,0.5360323786735535,0.0375968664884567,0.5648452639579773,0.0399210937321186,0.5595062375068665,0.0392562411725521,0.5589614510536194,0.0444936454296112,0.5619402527809143,0.0495656207203865,0.5557778477668762,0.059177778661251,0.5773705840110779,0.061372522264719,0.5682579278945923,,,,,,,prep
1.951,142.65367334059508,0.5158492028713226,0.0821871906518936,0.5175830125808716,0.0909757539629936,0.5274017453193665,0.0727889388799667,0.5681741237640381,0.0758454129099845,0.5141153931617737,0.0670906752347946,0.5287492275238037,0.0428409241139888,0.5586061477661133,0.054768718779087,0.5585731267929077,0.0508044473826885,0.5569379925727844,0.054464928805828,0.5751321315765381,0.049969095736742,0.5700653195381165,0.0635391473770141,0.5888552069664001,0.0651146844029426,0.588031530380249,0.5234956383705139,0.5195546269416809,0.5630384087562561,0.5429693222045898,,,prep
1.968,163.5589962498043,0.5115614533424377,0.0997161418199539,0.5111863017082214,0.0980957821011543,0.5154209733009338,0.0861654356122016,0.5638753771781921,0.0914583876729011,0.511936604976654,0.0725007578730583,0.507789134979248,0.0371654108166694,0.5149482488632202,0.0694984048604965,0.5577614903450012,0.0714047029614448,0.5575227737426758,0.0671063289046287,0.5762223601341248,0.066913217306137,0.5750397443771362,0.07980827242136,0.5874739289283752,0.0833299532532692,0.5896426439285278,0.5270872831344604,0.5252896070480346,0.5691524386405945,0.5499698519706726,0.0035916447639464666,0.00573498010635376,prep
1.985,150.18118430032854,0.5078258216381073,0.1082166209816932,0.5074397325515747,0.1088118851184845,0.5150352120399475,0.0902465209364891,0.5520625710487366,0.1016519963741302,0.5082119107246399,0.0958642810583114,0.5081442594528198,0.0580376237630844,0.5275196433067322,0.0830277949571609,0.5556390881538391,0.0819471478462219,0.5551288723945618,0.0826548859477043,0.5719267129898071,0.0796780213713646,0.5708991885185242,0.0927442759275436,0.5850476026535034,0.0963963866233825,0.5858709812164307,0.5293682456016541,0.5272385478019714,0.5739492893218994,0.5537881135940552,0.00228096246719367,0.001948940753936812,prep
2.018,147.0614979750605,0.5165112316608429,0.0938997790217399,0.5150390267372131,0.1034310236573219,0.5444965958595276,0.1267561465501785,0.5928183197975159,0.0388030111789703,0.5179834365844727,0.0155103364959359,0.5457330346107483,0.0277435313910245,0.5839299559593201,0.1056628599762916,0.4728486239910126,0.0093098962679505,0.4710138738155365,0.150097370147705,0.5056994557380676,-0.0308195035904645,0.5016391277313232,0.1508047133684158,0.5447978377342224,-0.0414045713841915,0.5295110940933228,0.5327991604804992,0.5306669712066651,0.5785584330558777,0.5588399291038513,0.0034309148788451704,0.0034284234046936257,prep
2.035,152.15458420351627,0.5116190910339355,0.1043677777051925,0.5107191801071167,0.1140413433313369,0.5444867014884949,0.1371912807226181,0.5928160548210144,0.0495293997228145,0.5125190019607544,0.0297963041812181,0.5457770824432373,0.0401536636054515,0.5839365720748901,0.1163449883460998,0.4688368737697601,0.0194117277860641,0.4666399657726288,0.1607899069786071,0.4998990893363952,-0.0246107373386621,0.4816205203533172,0.1633432060480117,0.5365356802940369,-0.0414052419364452,0.5039530396461487,0.5386328339576721,0.5382778286933899,0.583960211277008,0.5726248502731324,0.005833673477172896,0.0076108574867248535,prep
2.052,155.3922004364308,0.5080329179763794,0.1177216544747352,0.5074864625930786,0.1294285207986831,0.5445563197135925,0.1527587175369262,0.5912198424339294,0.0631386786699295,0.5085793733596802,0.0461235791444778,0.5458913445472717,0.0566163621842861,0.583865225315094,0.1299364566802978,0.4640003442764282,0.0342255048453807,0.461169570684433,0.1753260940313339,0.4919483959674835,-0.0157349556684494,0.4717492163181305,0.1821615248918533,0.5286028385162354,-0.0312236826866865,0.483976662158966,0.544558072090149,0.5457016110420227,0.591667115688324,0.5838921904563904,0.005925238132476807,0.007423782348632835,prep
2.068,154.75161881345207,0.5048421025276184,0.1290271580219268,0.5042191743850708,0.1440383046865463,0.5445893406867981,0.1693300455808639,0.590884268283844,0.0752909481525421,0.505465030670166,0.0591717734932899,0.5458434224128723,0.0732205361127853,0.5838728547096252,0.1406417042016983,0.4549364447593689,0.0442983992397785,0.4535650312900543,0.1891276687383651,0.4780742228031158,-0.0057443268597126,0.462622731924057,0.2011028230190277,0.5137038826942444,-0.0158784016966819,0.4762902557849884,0.5443480730056762,0.5453134298324585,0.5911661982536316,0.583877432346344,-0.00020999908447272286,-0.0003881812095642978,prep
2.085,154.38306414710036,0.5008666813373566,0.1419419646263122,0.500203549861908,0.1573542952537536,0.5446614027023315,0.1842653155326843,0.5905970931053162,0.0877924561500549,0.5015298128128052,0.0729463696479797,0.5452631711959839,0.0878299698233604,0.5838563442230225,0.1518751829862594,0.4469580948352813,0.0571629256010055,0.446497768163681,0.2043161392211914,0.4685901701450348,0.0036665401421487,0.4526588022708893,0.2180426120758056,0.5022615194320679,-0.0062503986991941,0.4583297073841095,0.5438901662826539,0.5447227001190186,0.5905229091644287,0.5838296294212342,-0.0004579067230223721,-0.0005907297134398748,prep
2.102,154.25987758121448,0.4975181967020035,0.1562806516885757,0.4967021048069,0.1715559065341949,0.5434466004371643,0.2003662139177322,0.590313732624054,0.1025783345103263,0.4983342885971069,0.0874006450176239,0.5437921285629272,0.1015166044235229,0.5838561654090881,0.1673109829425811,0.4407075345516205,0.0702385380864143,0.4389000236988067,0.2183943390846252,0.4579406678676605,0.0128391180187463,0.4417521357536316,0.2359140813350677,0.4856496751308441,-0.0111639546230435,0.4447907209396362,0.5424740672111511,0.5438535213470459,0.5895594716072082,0.5837543368339538,-0.0014160990715027522,-0.0008691787719726785,prep
2.118,158.00697726079596,0.4942782968282699,0.1679372787475586,0.4933952093124389,0.1880581974983215,0.5421971678733826,0.2145785391330719,0.589599609375,0.1145238876342773,0.4951613843441009,0.1009620279073715,0.5428234338760376,0.1167201921343803,0.5836975574493408,0.1807665675878524,0.4332588016986847,0.0837793573737144,0.4315236508846283,0.2299662828445434,0.4453907608985901,0.0345734804868698,0.4303516745567322,0.2503598034381866,0.4675803482532501,0.0082817878574132,0.4322586357593536,0.5400298357009887,0.5425856709480286,0.5885365009307861,0.5836441278457641,-0.0024442315101623757,-0.001267850399017334,prep
2.135,161.71890880220766,0.4903403967618942,0.1811680048704147,0.4893611073493957,0.203561931848526,0.5374758243560791,0.227858766913414,0.5864026546478271,0.1255640685558319,0.4913196861743927,0.1137205436825752,0.5415454506874084,0.1299625635147094,0.5834887623786926,0.1946175247430801,0.4256505966186523,0.0960722267627716,0.4231401681900024,0.2451779097318649,0.4341377317905426,0.041858747601509,0.4204905927181244,0.2662604749202728,0.4512922167778015,0.0141197806224226,0.4246590733528137,0.5359224915504456,0.540888786315918,0.5864083051681519,0.5834175705909729,-0.004107344150543146,-0.0016968846321105957,prep
2.152,162.14949292894448,0.48558981716632843,0.1945393979549408,0.4846985638141632,0.2201546132564544,0.5323681831359863,0.2430935651063919,0.5857694149017334,0.1384251117706298,0.4864810705184936,0.1269570887088775,0.5395041704177856,0.1414052993059158,0.5833218097686768,0.2133602350950241,0.420095145702362,0.1120853647589683,0.4157958328723907,0.2615290880203247,0.4262281358242035,0.0511750653386116,0.4080993235111236,0.2777795493602752,0.4333516359329223,0.0212992224842309,0.4160257875919342,0.5303718447685242,0.5389702916145325,0.5825496554374695,0.5832077622413635,-0.005550646781921409,-0.001918494701385498,prep
2.168,162.43870836683675,0.47985459864139557,0.2081522792577743,0.4784816205501556,0.2353237718343734,0.5241246819496155,0.2554907500743866,0.5799561142921448,0.1508521139621734,0.4812275767326355,0.1392251700162887,0.5367787480354309,0.1492041945457458,0.5827235579490662,0.2277314960956573,0.4130709767341614,0.1229876801371574,0.4076744616031647,0.2795152366161346,0.4146434664726257,0.0533628836274147,0.3946472406387329,0.2934726774692535,0.4179228842258453,0.0131823504343628,0.4158958494663238,0.5231995701789856,0.5366150975227356,0.5763908147811889,0.5837448239326477,-0.007172274589538619,-0.002355194091796853,pop
2.185,162.00777730382015,0.47566708922386164,0.2215868681669235,0.4740088284015655,0.2517009675502777,0.5156933665275574,0.2676048576831817,0.5710204839706421,0.1638397276401519,0.4773253500461578,0.1518554985523224,0.5341996550559998,0.1553855091333389,0.5828071236610413,0.2389638274908065,0.4050828218460083,0.1383507996797561,0.4013221859931946,0.2863803803920746,0.40364870429039,0.0698948800563812,0.3850986659526825,0.3065252006053924,0.4043814837932586,0.0176149029284715,0.4047648012638092,0.5149389147758484,0.5336863160133362,0.5679259181022644,0.584288215637207,-0.00826065540313714,-0.0029287815093994585,pop
2.202,160.72148186796323,0.4720857441425323,0.234731987118721,0.4702232182025909,0.2694966495037079,0.5063357949256897,0.2761343121528625,0.5588054060935974,0.1756453663110733,0.4739482700824737,0.1666200906038284,0.5310474634170532,0.1567325592041015,0.5863828659057617,0.2523050010204315,0.3989298641681671,0.155031144618988,0.3956623375415802,0.2910114228725433,0.3951214849948883,0.0893111228942871,0.3767538666725158,0.3163663446903229,0.3914017081260681,0.0320167280733585,0.388529509305954,0.5056003749370575,0.5308147549629212,0.5579330682754516,0.5847779154777527,-0.00933853983879096,-0.0028715610504149724,pop
2.218,151.59705793226783,0.4688745141029358,0.2472499459981918,0.4666488468647003,0.2865388393402099,0.496172547340393,0.2861374318599701,0.5440781712532043,0.189239427447319,0.4711001813411712,0.1783378273248672,0.5269015431404114,0.163575142621994,0.5862057209014893,0.2652209103107452,0.3938562273979187,0.1722314655780792,0.3915571868419647,0.301828920841217,0.3835413157939911,0.1122214645147323,0.3710257411003113,0.3284744024276733,0.3792258501052856,0.0552844367921352,0.3711104989051819,0.4946033716201782,0.5278693914413453,0.5467878937721252,0.5845216035842895,-0.01099700331687925,-0.0029453635215759277,prep
2.235,138.91328292333563,0.4658019244670868,0.2591842412948608,0.4627473056316376,0.3063989281654358,0.4856754839420318,0.2924790978431701,0.5358051657676697,0.2025984972715377,0.468856543302536,0.1878245323896408,0.5251463651657104,0.1743423342704773,0.585770308971405,0.2740324139595032,0.3892122507095337,0.1905001699924469,0.3910099565982818,0.3135870099067688,0.3748842477798462,0.1360612362623214,0.3640563189983368,0.3406123518943786,0.3674198091030121,0.0762116834521293,0.3558062314987182,0.4830614924430847,0.5242980599403382,0.5348495006561279,0.5825808048248291,-0.011541879177093484,-0.00357133150100708,prep
2.252,130.64281538572547,0.4600133746862411,0.2675198912620544,0.45701664686203,0.3200491964817047,0.4691396653652191,0.3010343015193939,0.5242302417755127,0.2144113928079605,0.4630101025104522,0.1972003579139709,0.5220519304275513,0.182467833161354,0.5814419984817505,0.2859368026256561,0.3869039714336395,0.2045044898986816,0.3845477402210235,0.3255026936531067,0.3698848783969879,0.1567258685827255,0.3611787259578705,0.356599897146225,0.3571727573871612,0.0946691706776619,0.3457918763160705,0.4715309739112854,0.5204718947410584,0.5234931826591491,0.5781803846359252,-0.011530518531799316,-0.0038261651992798074,air
2.268,125.28295262794316,0.45518758893013,0.2809149622917175,0.4522328972816467,0.3343487679958343,0.4579839706420898,0.3120281398296356,0.5113285183906555,0.228700965642929,0.4581422805786133,0.2085282951593399,0.5163429975509644,0.1916384845972061,0.573103129863739,0.2957949340343475,0.3895235955715179,0.2194660902023315,0.385400652885437,0.3379775583744049,0.3664137423038482,0.1744985580444336,0.3577640354633331,0.3692991733551025,0.3483406603336334,0.1154208704829216,0.3366213738918304,0.46066475510597227,0.5162195444107056,0.5136500716209411,0.5725974678993225,-0.010866218805313133,-0.004252350330352761,air
2.285,117.02471889934617,0.4536427110433578,0.2926895022392273,0.4510615468025207,0.3508358001708984,0.4486832022666931,0.3243982493877411,0.5020238161087036,0.2403489798307418,0.4562238752841949,0.2163246273994445,0.5119166374206543,0.2010639905929565,0.5643807649612427,0.3140889406204223,0.3847642838954925,0.2316188514232635,0.381232351064682,0.3593376874923706,0.3573894798755646,0.1852794140577316,0.3519006967544555,0.3912172019481659,0.3354862630367279,0.1314786076545715,0.3279078602790832,0.45004803538322447,0.5111701786518097,0.5040957868099213,0.5654742360115051,-0.010616719722747803,-0.005049365758895918,air
2.302,110.09278907518133,0.4505367577075958,0.3051324784755707,0.4482693672180176,0.365906149148941,0.4418414533138275,0.3362779319286346,0.4948626160621643,0.2557910084724426,0.4528041481971741,0.2252582311630249,0.5056397914886475,0.2106589376926422,0.5582911372184753,0.3252485990524292,0.3854429423809051,0.2474145889282226,0.3831608593463897,0.3701911270618438,0.3564668297767639,0.2056415975093841,0.3528462052345276,0.4068723022937774,0.3297429978847503,0.154761791229248,0.322394996881485,0.4415956199169158,0.5056277513504028,0.4957780778408051,0.5576855897903442,-0.00845241546630865,-0.00554242730140686,air
2.318,109.22670083528728,0.4484023451805115,0.3191592097282409,0.4459453523159027,0.3740201294422149,0.4325918853282928,0.3530267775058746,0.4880337417125702,0.265128880739212,0.4508593380451202,0.2346258163452148,0.4998995363712311,0.2213433980941772,0.5501541495323181,0.3388008177280426,0.3849165737628937,0.2583201229572296,0.3824613690376282,0.3828839361667633,0.3570689558982849,0.2200529426336288,0.3518478572368622,0.4191246330738067,0.3293376564979553,0.1720134317874908,0.3213938474655151,0.4347196638584137,0.49940318465232847,0.48911973237991335,0.5498703479766845,-0.0068759560585021084,-0.006224566698074363,air
2.335,105.15129721803615,0.44684159755706787,0.3317179381847381,0.4438972175121307,0.3864912092685699,0.4268775880336761,0.3706054091453552,0.4826416969299316,0.2793866693973541,0.449785977602005,0.2436073571443557,0.4943397939205169,0.2331413030624389,0.542498767375946,0.3508947193622589,0.3851322531700134,0.2695639431476593,0.3793825805187225,0.3992736339569092,0.3569308817386627,0.2341451793909073,0.3495236933231354,0.4338774085044861,0.3310648798942566,0.1910606920719146,0.3199101686477661,0.4293899118900299,0.4923600912094116,0.48421570658683777,0.5424903631210327,-0.005329751968383811,-0.00704309344291687,air
2.352,104.65187943489157,0.44351740181446075,0.3407157063484192,0.4416617155075073,0.3977210521697998,0.4236041903495788,0.3892780542373657,0.4780367910861969,0.2931194603443146,0.4453730881214142,0.254729300737381,0.4852201640605926,0.2464283406734466,0.5340269207954407,0.3648862838745117,0.3847129642963409,0.2834691107273102,0.3766656816005707,0.4135929644107818,0.3574206233024597,0.2478713095188141,0.3497280180454254,0.4528044164180755,0.3337516784667969,0.2086776345968246,0.3215376138687134,0.4254499852657318,0.4843120574951172,0.4806929886341095,0.5340121150016784,-0.003939926624298096,-0.008048033714294411,air
2.369,102.64875260537488,0.44098950922489166,0.3566426038742065,0.4387950897216797,0.4076512157917022,0.4220344424247741,0.4031954407691955,0.4775036871433258,0.3039785921573639,0.4431839287281036,0.2668398916721344,0.4767011702060699,0.2614750266075134,0.5274808406829834,0.3804755806922912,0.3850031793117523,0.2967565655708313,0.3813109099864959,0.4304838478565216,0.3602090775966644,0.2609463334083557,0.3540999293327331,0.4725184440612793,0.3391918838024139,0.2345166802406311,0.3312361538410187,0.4235088050365448,0.4751443326473236,0.4788737237453461,0.5254407286643982,-0.0019411802291869895,-0.009167724847793601,air
2.385,97.90966042168506,0.4361616522073746,0.3740869760513305,0.4335186183452606,0.4205725491046905,0.422141820192337,0.4195445775985718,0.4772490262985229,0.3201756775379181,0.4388046860694885,0.2788867950439453,0.4653996229171753,0.28077232837677,0.5158998966217041,0.3945113718509674,0.3867616653442383,0.3068462610244751,0.3822816908359527,0.4453441500663757,0.3634624779224396,0.273526668548584,0.3554790318012237,0.4917926490306854,0.3439348936080932,0.2507596313953399,0.333911269903183,0.4229059994220733,0.46457852721214293,0.4782788872718811,0.5163969933986664,-0.0006028056144715133,-0.010565805435180653,air
2.402,94.49368875546057,0.4344443380832672,0.3869326710700989,0.431243896484375,0.4328892230987549,0.4228859841823578,0.436350405216217,0.478937417268753,0.3354218006134033,0.4376447796821594,0.2943845391273498,0.4540609121322632,0.3000149726867676,0.5072972178459167,0.4020526707172394,0.3892188966274261,0.3124562501907348,0.3886752128601074,0.4583524465560913,0.3641966879367828,0.2798791229724884,0.3559824526309967,0.5096890926361084,0.3448549211025238,0.2615900039672851,0.3346642553806305,0.4237015187740325,0.4545329391956329,0.47933165431022645,0.5078165411949158,0.0007955193519592063,-0.01004558801651001,air
2.419,90.52233986756787,0.4328533262014389,0.3977473974227905,0.43049156665802,0.4458276033401489,0.4238635599613189,0.4525671303272247,0.4796675145626068,0.3489895164966583,0.4352150857448578,0.311261773109436,0.4415107667446136,0.3185701668262481,0.497280091047287,0.4153046011924743,0.3907423615455627,0.326086938381195,0.3970651626586914,0.4712676405906677,0.3714359998703003,0.3023880422115326,0.364646166563034,0.5377278923988342,0.3548486828804016,0.2889644205570221,0.345713198184967,0.4251326024532318,0.4453255832195282,0.4808597505092621,0.4997286260128021,0.0014310836791993076,-0.009207355976104725,air
2.435,94.99615593401413,0.4296517670154571,0.4090623259544372,0.4278142154216766,0.4604823291301727,0.427581787109375,0.4673538506031036,0.4833006262779236,0.357197493314743,0.4314893186092376,0.333251953125,0.4349922239780426,0.3382587134838104,0.4911246597766876,0.4297248423099518,0.3910391926765442,0.3358910679817199,0.3991642296314239,0.4932727515697479,0.3753238916397095,0.3120432198047638,0.369218647480011,0.5565273761749268,0.3675651550292969,0.3002589344978332,0.3523580729961395,0.42683360576629636,0.43703556060791016,0.4826911807060242,0.4929930746555328,0.001701003313064553,-0.008290022611618042,air
2.452,96.41854781503423,0.42652150988578796,0.4180361926555633,0.4245891571044922,0.4770998954772949,0.4291898608207702,0.4832029044628143,0.485144168138504,0.3668512403964996,0.4284538626670837,0.3523558974266052,0.4306643903255462,0.3587857484817505,0.4870412647724151,0.4443221688270569,0.3919064104557037,0.3478809595108032,0.3972905874252319,0.5065973997116089,0.3805442750453949,0.3158717751502991,0.3693036735057831,0.5739557147026062,0.3793640732765198,0.3078087866306305,0.3519752323627472,0.42913135290145876,0.43153918981552125,0.4851889193058014,0.48852640986442564,0.002297747135162398,-0.005496370792388905,air
2.469,82.77326004196394,0.42730432748794556,0.4302975535392761,0.4259279668331146,0.4851347208023071,0.4306468367576599,0.4974694848060608,0.4864061772823334,0.3787288069725036,0.4286806881427765,0.3657724857330322,0.4239495098590851,0.3779705166816711,0.4822221398353576,0.4576614797115326,0.3927273154258728,0.3608395159244537,0.3979789912700653,0.521348774433136,0.3860310316085815,0.329156219959259,0.3747420012950897,0.5884551405906677,0.3909050226211548,0.3240331411361694,0.3561138808727264,0.4324809849262238,0.4294001042842865,0.48906269669532776,0.48679885268211365,0.0033496320247650146,-0.0021390855312347634,air
2.485,80.70414478371865,0.4303653836250305,0.4457208812236786,0.4286458790302276,0.4979264438152313,0.4343747198581695,0.511150062084198,0.4914261102676391,0.3941975831985473,0.4320848882198334,0.3808443546295166,0.4265790581703186,0.3970808088779449,0.4849638938903808,0.4711955487728119,0.3941984474658966,0.3732743859291076,0.397255539894104,0.5403463840484619,0.3925858736038208,0.3360327184200287,0.381161630153656,0.604105532169342,0.3996964991092682,0.3387757837772369,0.364805668592453,0.4364940822124481,0.4293922305107117,0.49340595602989196,0.48688846826553345,0.004013097286224343,-7.873773574806897e-06,air
2.502,83.31082617941343,0.43156686425209045,0.4561808705329895,0.4295062720775604,0.5130152106285095,0.440611720085144,0.5259358882904053,0.4990364015102386,0.4040379524230957,0.4336274564266205,0.3961689174175262,0.4308153390884399,0.4141995906829834,0.4886423051357269,0.4862493872642517,0.3952744901180267,0.3861658275127411,0.3968038856983185,0.5530561208724976,0.3978394567966461,0.3466438055038452,0.3846577703952789,0.6149342656135559,0.4125302731990814,0.3565475344657898,0.3734292387962341,0.4412796914577483,0.4308666169643402,0.4985405921936035,0.48810858130455015,0.004785609245300193,0.0014743864536285178,air
2.519,134.202007014987,0.432993546128273,0.4638707339763641,0.4321995973587036,0.5265037417411804,0.4476472735404968,0.5393847227096558,0.5050169229507446,0.4114892482757568,0.4337874948978424,0.4126017987728119,0.4349528551101684,0.4296127259731293,0.4915727376937866,0.4974997639656067,0.3970166742801666,0.3942301869392395,0.3973170518875122,0.5656279921531677,0.4033273756504059,0.3584614992141723,0.3879895806312561,0.6223697662353516,0.4233863949775696,0.3755813241004944,0.3816029131412506,0.4468429446220397,0.4347616732120514,0.5044541418552398,0.4922435343265533,0.005563253164291404,0.0038950562477111927,air
2.535,109.21454200018671,0.4387723207473755,0.4749879539012909,0.4389258921146393,0.5372660756111145,0.4531179070472717,0.553000271320343,0.5108173489570618,0.4241217076778412,0.4386187493801117,0.428052544593811,0.4380363225936889,0.4468331933021545,0.4931418299674988,0.5112829208374023,0.398175448179245,0.4103870689868927,0.3980565667152405,0.5769121646881104,0.4087962806224823,0.3768938183784485,0.3921846449375152,0.6278809309005737,0.4320970475673675,0.3964138925075531,0.389438271522522,0.45293375849723816,0.43972466588020326,0.5105052292346954,0.4963225185871124,0.006090813875198442,0.004962992668151867,air
2.552,127.9761033908427,0.4421374797821045,0.4902787804603576,0.4424680769443512,0.5480979681015015,0.4584631025791168,0.564720094203949,0.5159739255905151,0.4391371607780456,0.4418068826198578,0.4423356652259826,0.443424791097641,0.4614266455173492,0.5028969049453735,0.5262311697006226,0.4001835286617279,0.4273931384086609,0.3986772894859314,0.5877843499183655,0.4136835038661957,0.3929774165153503,0.3978272676467895,0.6295314431190491,0.4375190138816833,0.4001712203025818,0.3957201242446899,0.45881285667419436,0.44552736282348626,0.5161415576934815,0.5016113996505738,0.005879098176956199,0.005802696943283003,air
2.569,141.2455513099771,0.44503501057624817,0.50215083360672,0.4454555213451385,0.5599198937416077,0.4648287892341614,0.5755804181098938,0.521681547164917,0.4514386057853699,0.4446144998073578,0.4567927420139313,0.4513940215110779,0.4734594523906708,0.5053588151931763,0.5376279950141907,0.4017049670219421,0.4436079561710357,0.4000054597854614,0.5962428450584412,0.4157682359218597,0.4069789350032806,0.4014811217784881,0.6264917254447937,0.4388584792613983,0.4220248162746429,0.3988442718982696,0.4646882593631744,0.4524390876293182,0.5222095966339111,0.5080899119377136,0.005875402688980069,0.006911724805831965,air
2.585,132.62549253707778,0.4484286308288574,0.5138620138168335,0.4489693939685821,0.5703790783882141,0.4700072109699249,0.5855146646499634,0.5272180438041687,0.4618655443191528,0.4478878676891327,0.4754875004291534,0.4598288238048553,0.4840975701808929,0.5150867104530334,0.547744870185852,0.4029810130596161,0.4555395543575287,0.4034562408924103,0.6056405305862427,0.4179871380329132,0.420607715845108,0.4058043658733368,0.6248091459274292,0.4378662407398224,0.4307883977890014,0.4188369512557983,0.4712492644786835,0.4609617829322815,0.5282549858093262,0.5159671425819397,0.006561005115509055,0.00852269530296329,air
2.602,132.81771364506676,0.4536915123462677,0.5251093506813049,0.4545193314552307,0.5826111435890198,0.4770242869853973,0.5956354737281799,0.5353571176528931,0.4751607179641723,0.4528636932373047,0.4895737767219543,0.469511479139328,0.4920755922794342,0.5239652991294861,0.5632835626602173,0.4054178595542907,0.4703750610351562,0.4054730832576751,0.6146834492683411,0.4197372794151306,0.4370489716529846,0.4111933708190918,0.6254184246063232,0.4350985288619995,0.4463346004486084,0.4311358034610748,0.47873495817184447,0.47127798199653625,0.5349651217460633,0.5242083072662354,0.0074856936931609885,0.010316199064254739,air
2.619,133.15767782196048,0.4575778543949127,0.539098858833313,0.4579904675483703,0.5961872339248657,0.4859229326248169,0.6067253947257996,0.541044294834137,0.4873907566070556,0.4571652412414551,0.5047832727432251,0.4806497991085052,0.501155436038971,0.5325279831886292,0.5782206058502197,0.4078528583049774,0.4852588176727295,0.4086356461048126,0.636967658996582,0.4237387478351593,0.4546544849872589,0.4220926463603973,0.6311553120613098,0.4329606592655182,0.4651531279087066,0.4434631764888763,0.4866653561592102,0.4818507730960846,0.54254150390625,0.5336704015731811,0.007930397987365723,0.01057279109954834,air
2.635,133.6857193277752,0.46233488619327545,0.5501110553741455,0.462780624628067,0.6072903871536255,0.4958915710449219,0.6172615885734558,0.5495246052742004,0.4983626902103424,0.4618891477584839,0.5185813307762146,0.4950057864189148,0.5083385705947876,0.5441027283668518,0.5912899374961853,0.4109622836112976,0.4962916076183319,0.4116624891757965,0.6591693758964539,0.4254536926746368,0.4687456488609314,0.4359335303306579,0.6372274160385132,0.4297408759593963,0.4842091202735901,0.4622138440608978,0.49530187249183655,0.4927528858184814,0.5507302165031434,0.5431690216064453,0.008636516332626354,0.010902112722396828,air
2.652,135.85372763225575,0.4658409208059311,0.5654879212379456,0.4658731818199157,0.6171789765357971,0.50448077917099,0.6286081075668335,0.5595634579658508,0.5126909017562866,0.4658086597919464,0.5331160426139832,0.5042579770088196,0.5166826248168945,0.5526692867279053,0.6033313870429993,0.4127313494682312,0.5113532543182373,0.4141720533370971,0.672844648361206,0.4267024993896484,0.4794501364231109,0.4411163032054901,0.6422425508499146,0.4276178777217865,0.4887779951095581,0.4672258198261261,0.5049386382102966,0.5042202055454255,0.5600676774978638,0.5535592436790466,0.00963676571846006,0.011467319726944036,air
2.669,137.3013976367871,0.47118793427944183,0.5756368041038513,0.471494972705841,0.6267113089561462,0.5131897926330566,0.6371386647224426,0.5681616067886353,0.5225875973701477,0.4708808958530426,0.5429471731185913,0.5143393874168396,0.5251784324645996,0.5625798106193542,0.6202376484870911,0.4167812764644623,0.5231792330741882,0.4176340103149414,0.6920194029808044,0.4270049929618835,0.4918877482414245,0.4484703838825226,0.655434250831604,0.4259271323680877,0.4972923994064331,0.4747506380081177,0.5147984623908997,0.5157424449920655,0.5700594663619996,0.5648792028427124,0.00985982418060305,0.011522239446639992,land
2.686,144.9648456229184,0.48062682151794434,0.5911194086074829,0.4812855422496795,0.6371046900749207,0.5252081155776978,0.6500349640846252,0.5820444226264954,0.5389336347579956,0.4799681007862091,0.5518749952316284,0.5268480777740479,0.5329540967941284,0.5759164094924927,0.6337361931800842,0.4187645614147186,0.537844717502594,0.4206345379352569,0.7039105296134949,0.4263747930526733,0.5047116875648499,0.4529811143875122,0.6677696108818054,0.417688637971878,0.4996545314788818,0.4815475046634674,0.5239454507827759,0.5256157279014587,0.5789028882980347,0.5746835947036744,0.00914698839187622,0.009873282909393266,land
2.702,150.4651856558996,0.4901062846183777,0.6048279404640198,0.4905658066272735,0.6470533609390259,0.535222053527832,0.6585628390312195,0.5910032391548157,0.5519009232521057,0.4896467626094818,0.559583842754364,0.5382609963417053,0.5427795648574829,0.589127779006958,0.6474106907844543,0.4213252365589142,0.5510009527206421,0.4247427880764007,0.7174965739250183,0.4255182445049286,0.5168339610099792,0.4581293761730194,0.687148928642273,0.4131338894367218,0.5092000365257263,0.4892672300338745,0.5318511366844177,0.5345637321472168,0.5853741645812989,0.583214271068573,0.007905685901641868,0.008948004245758034,land
2.719,154.19280658335532,0.4968049824237823,0.6182085871696472,0.4972705245018005,0.6592209339141846,0.541626513004303,0.6705172061920166,0.5937417149543762,0.5632346272468567,0.4963394403457641,0.5686919093132019,0.5443722009658813,0.556070864200592,0.5931246876716614,0.660142183303833,0.4250708818435669,0.5629904866218567,0.4300375580787658,0.7287863492965698,0.4254182875156402,0.5286762714385986,0.4658075273036957,0.7090439200401306,0.4091032147407532,0.5182300806045532,0.4997539818286896,0.5381193041801453,0.541678500175476,0.5895819306373596,0.5897287368774414,0.006268167495727561,0.007114768028259277,land
2.736,144.59320963246643,0.5024735033512115,0.6330822706222534,0.5020813345909119,0.6737540364265442,0.5440092086791992,0.6739025115966797,0.5919198393821716,0.5774872303009033,0.5028656721115112,0.5830256342887878,0.5489979982376099,0.5662144422531128,0.5953226685523987,0.6715466380119324,0.4296945631504059,0.5739487409591675,0.4375493228435516,0.7415933609008789,0.424507588148117,0.5395327806472778,0.4737736582756042,0.7309179902076721,0.4090678095817566,0.5274496674537659,0.5096242427825928,0.5419967532157898,0.5464616417884827,0.5908981442451477,0.5933380722999573,0.0038774490356444646,0.004783141613006636,land
2.752,131.33705240005895,0.5037528276443481,0.6462131142616272,0.5028736591339111,0.6885768175125122,0.5445306301116943,0.6789436340332031,0.5892004370689392,0.5919708013534546,0.5046319961547852,0.597868800163269,0.549913227558136,0.5693676471710205,0.5951521396636963,0.6806686520576477,0.4342592358589172,0.5860981345176697,0.4438064694404602,0.7461787462234497,0.4264243245124817,0.5498201847076416,0.4827412962913513,0.7534744143486023,0.4109732508659363,0.5362030863761902,0.5198975205421448,0.5438549518585205,0.5486600160598755,0.5904281973838806,0.5939777255058288,0.001858198642730735,0.0021983742713928,land
2.769,121.94509471952927,0.5048311650753021,0.6587845683097839,0.5037068724632263,0.7033773064613342,0.5445953607559204,0.686048686504364,0.5886254906654358,0.6062694191932678,0.5059554576873779,0.6114080548286438,0.5507637858390808,0.5744141936302185,0.593963086605072,0.6913823485374451,0.4379130005836487,0.5979804992675781,0.4495918452739715,0.7515184879302979,0.4300219416618347,0.5609818696975708,0.4904504120349884,0.7720639109611511,0.4119396507740021,0.5446383953094482,0.5256785154342651,0.5447015523910522,0.5496753096580506,0.5895203113555908,0.5938323974609375,0.0008466005325317161,0.0010152935981750932,land
2.786,121.6390172065014,0.5048509836196899,0.6742771863937378,0.5036647915840149,0.7162519693374634,0.5445130467414856,0.6953446865081787,0.5886535048484802,0.6225197315216064,0.506037175655365,0.6232726573944092,0.5492528676986694,0.5808389782905579,0.5923260450363159,0.7013729214668274,0.4406611323356628,0.6087504029273987,0.4551384150981903,0.7628564238548279,0.43290576338768,0.5729561448097229,0.4946779310703277,0.7913175225257874,0.4125407934188843,0.5571664571762085,0.530974805355072,0.5452654242515564,0.5501121878623962,0.5891496539115906,0.5932569146156311,0.000563871860504217,0.0004368782043456809,land
2.802,118.67250097747927,0.5064285099506378,0.6882407665252686,0.5056329965591431,0.7309739589691162,0.5458595156669617,0.7036384344100952,0.5892022848129272,0.6360658407211304,0.5072240233421326,0.6343744993209839,0.5494486689567566,0.5899728536605835,0.5923980474472046,0.7153914570808411,0.4427827298641205,0.6211536526679993,0.4592230916023254,0.7745879292488098,0.435624212026596,0.5867441296577454,0.4984775185585022,0.8116801381111145,0.4143602252006531,0.5710890293121338,0.5352955460548401,0.5458649873733521,0.5510043501853943,0.5896237373352051,0.5930084586143494,0.0005995631217956543,0.0008921623229980469,land
2.819,119.19209071700541,0.5093519687652588,0.7005901336669922,0.5081432461738586,0.7452262043952942,0.54682856798172,0.7149929404258728,0.5900665521621704,0.6492166519165039,0.5105606913566589,0.6430861949920654,0.5511823892593384,0.6001806855201721,0.5924452543258667,0.7245845198631287,0.4445542991161346,0.633507490158081,0.4634958803653717,0.7823696732521057,0.4372729957103729,0.6022542119026184,0.5011633634567261,0.8281025886535645,0.4209000766277313,0.590310275554657,0.5371137857437134,0.546402096748352,0.5521631002426147,0.5901652455329895,0.5929700255393981,0.0005371093749999556,0.0011587500572204368,land
2.836,118.22768270259223,0.5114381313323975,0.7126224637031555,0.5104162693023682,0.7581287622451782,0.5475284457206726,0.7248230576515198,0.5915708541870117,0.6589888334274292,0.5124599933624268,0.6498541831970215,0.5543740391731262,0.6060861349105835,0.5939098596572876,0.7382497191429138,0.4465519189834595,0.6457574963569641,0.4659837782382965,0.7928546667098999,0.4394324123859405,0.6173890829086304,0.505657434463501,0.8436059951782227,0.4286874532699585,0.6116862893104553,0.5406043529510498,0.5468371629714965,0.5535967350006104,0.5908382177352905,0.5934428572654724,0.00043506622314448684,0.0014336347579956277,land
2.852,118.42489533268558,0.5122174322605133,0.7253009080886841,0.5114593505859375,0.7696778178215027,0.5472809076309204,0.7335832715034485,0.5913330316543579,0.6708219051361084,0.5129755139350891,0.6585694551467896,0.5565575361251831,0.6166567802429199,0.5937709212303162,0.7492334246635437,0.4488848447799682,0.6574389338493347,0.4694498777389526,0.8006148338317871,0.4415068030357361,0.6315338611602783,0.5102593302726746,0.8606815934181213,0.4374836385250091,0.633076548576355,0.5496942400932312,0.5471908330917359,0.5556431651115418,0.5913454532623291,0.5940258622169494,0.00035367012023934663,0.0020464301109314187,land
2.869,123.33087488358183,0.5132046639919281,0.7401931285858154,0.5121989846229553,0.7788069248199463,0.5466883778572083,0.7435165047645569,0.5920183658599854,0.6852205991744995,0.5142103433609009,0.6681755781173706,0.5564210414886475,0.6239128112792969,0.594690203666687,0.7615746259689331,0.4516186118125915,0.6690797209739685,0.4731210470199585,0.8138028979301453,0.4452227652072906,0.6486555933952332,0.5128940343856812,0.8760916590690613,0.4479033648967743,0.6500871777534485,0.5501936674118042,0.5473626136779786,0.5572752714157104,0.5917800903320313,0.5946037769317627,0.00017178058624267578,0.0016321063041686568,land
2.886,124.44045750161116,0.5139706432819366,0.7516332864761353,0.5129231214523315,0.7899189591407776,0.547627866268158,0.7541901469230652,0.5917384624481201,0.6995524168014526,0.5150181651115417,0.6773783564567566,0.5596808195114136,0.6339053511619568,0.5953130722045898,0.7737588286399841,0.4521381258964538,0.6839615106582642,0.4734241068363189,0.8298686146736145,0.4478930532932281,0.6637640595436096,0.5120757818222046,0.890649676322937,0.4553951025009155,0.6676805019378662,0.5476855635643005,0.5472769975662232,0.5578890562057495,0.5918649435043335,0.5948321104049683,-8.56161117553933e-05,0.0006137847900390403,land
2.902,124.30263707893715,0.514228343963623,0.764727771282196,0.5128165483474731,0.7998902201652527,0.5476874709129333,0.7663403153419495,0.5922397375106812,0.7124342322349548,0.515640139579773,0.6928083300590515,0.5593429207801819,0.6444860696792603,0.5953348278999329,0.7873983979225159,0.4541950225830078,0.6957400441169739,0.4751502573490143,0.844228208065033,0.4527881443500519,0.6788002252578735,0.5114225745201111,0.9023970365524292,0.4665562212467193,0.6874100565910339,0.544523298740387,0.5471642971038818,0.5578161954879761,0.591989529132843,0.5950217247009277,-0.000112700462341353,-7.286071777334868e-05,land
2.919,124.97734865899443,0.5146580040454865,0.77882319688797,0.5132362246513367,0.8114714026451111,0.5471003651618958,0.7791805863380432,0.591995120048523,0.7253212332725525,0.5160797834396362,0.7081922888755798,0.5574429631233215,0.658604085445404,0.5950515270233154,0.8055500388145447,0.4569505751132965,0.7098672986030579,0.4756045937538147,0.8581607937812805,0.4578761458396911,0.6948280334472656,0.5101322531700134,0.914552628993988,0.4748343825340271,0.708785355091095,0.5433080792427063,0.547308087348938,0.5576964616775513,0.5919488668441772,0.5950289249420166,0.00014379024505617455,-0.0001197338104248491,land
2.936,122.51500496849437,0.5154676735401154,0.7908192276954651,0.513985812664032,0.8251270055770874,0.5467174053192139,0.7910389304161072,0.5919559597969055,0.739113986492157,0.5169495344161987,0.7233257293701172,0.5561932325363159,0.6712543964385986,0.5947189927101135,0.8207216858863831,0.4594093561172485,0.7259031534194946,0.4749418199062347,0.876596987247467,0.464667797088623,0.7102198004722595,0.5085479021072388,0.930833339691162,0.4848097562789917,0.7266413569450378,0.5408144593238831,0.5473574876785279,0.5568506002426148,0.59194256067276,0.5949552655220032,4.940032958988816e-05,-0.000845861434936479,land
2.952,123.13440609690421,0.5158955454826355,0.8037362098693848,0.5144038796424866,0.8390888571739197,0.547407329082489,0.80433589220047,0.5918150544166565,0.751723051071167,0.5173872113227844,0.7341189384460449,0.5558223724365234,0.6819530725479126,0.5947262048721313,0.8347110748291016,0.4618220329284668,0.7379260659217834,0.4744762182235718,0.8906043767929077,0.4711540043354034,0.7246508598327637,0.509242594242096,0.9413819909095764,0.4933547377586365,0.7431885004043579,0.539126455783844,0.5473807573318481,0.556059193611145,0.5918557405471802,0.5948234677314759,2.3269653320223682e-05,-0.0007914066314698154,land
2.969,122.41849722066536,0.5157507359981537,0.8170463442802429,0.5143657922744751,0.8516319394111633,0.5478748679161072,0.8158782124519348,0.5917069315910339,0.7649794816970825,0.5171356797218323,0.7479285597801208,0.555451512336731,0.6935591697692871,0.5949447751045227,0.8482540845870972,0.4632724523544311,0.7513117790222168,0.4736185669898987,0.89930659532547,0.4767902493476867,0.7373724579811096,0.5084593892097473,0.947664737701416,0.4986538589000702,0.7607409954071045,0.5388952493667603,0.5476117134094238,0.5556614637374878,0.5919323325157165,0.5947899937629699,0.000230956077575728,-0.00039772987365715995,land
2.986,118.03146361567843,0.5151861608028412,0.8278641700744629,0.5138891339302063,0.864026665687561,0.5478038191795349,0.8283184766769409,0.591805636882782,0.7759522795677185,0.5164831876754761,0.7632875442504883,0.5553858876228333,0.7049375176429749,0.5946758389472961,0.8577362895011902,0.4636264443397522,0.7644394636154175,0.4734562933444977,0.9074161052703856,0.4811031520366668,0.7491635084152222,0.5085647702217102,0.9543613195419312,0.5059995651245117,0.7805250883102417,0.5372317433357239,0.5479748725891114,0.5555474996566773,0.592018437385559,0.5948132514953614,0.0003631591796875444,-0.00011396408081054688,land
3.003,114.94108748132955,0.5146996080875397,0.8421878218650818,0.5135055184364319,0.876959502696991,0.5482551455497742,0.8398321866989136,0.5923780798912048,0.7890579104423523,0.5158936977386475,0.7795341610908508,0.5554543137550354,0.7150996327400208,0.5948841571807861,0.8733547925949097,0.4656526446342468,0.7792519330978394,0.4729717075824737,0.919876992702484,0.4855195879936218,0.7601490616798401,0.5080792307853699,0.9623438119888306,0.5138738751411438,0.7972196936607361,0.5343927145004272,0.5482088685035705,0.5555686831474305,0.5922079086303711,0.5948210597038269,0.0002339959144591619,2.1183490753196033e-05,land
3.019,114.88030382160635,0.5141676664352417,0.8568142652511597,0.5132006406784058,0.8894911408424377,0.5485332012176514,0.8516014814376831,0.5923864841461182,0.8028068542480469,0.5151346921920776,0.7938384413719177,0.5556234121322632,0.7282722592353821,0.5948352813720703,0.8828597664833069,0.4641061425209045,0.7932149171829224,0.4726987779140472,0.9272364377975464,0.4888587594032287,0.7725181579589844,0.5080211162567139,0.9656625390052797,0.5178313851356506,0.8140220046043396,0.5316106677055359,0.5483727097511292,0.555712080001831,0.5924242019653321,0.5947808861732483,0.00016384124755863816,0.00014339685440056815,land
3.036,115.41471145708412,0.5137403011322021,0.8686655759811401,0.5130344033241272,0.900928795337677,0.5485773086547852,0.8637072443962097,0.5927624106407166,0.8153302669525146,0.5144461989402771,0.8063606023788452,0.5559282898902893,0.7416980266571045,0.5947652459144592,0.8970244526863098,0.4636340141296386,0.807887077331543,0.4723959565162658,0.9358876347541808,0.4908145368099212,0.7839570641517639,0.507720947265625,0.9696199893951416,0.5214061141014099,0.8281120657920837,0.5285730957984924,0.5485151171684265,0.5558699250221253,0.5926209688186646,0.5947859168052674,0.00014240741729731887,0.00015784502029425607,land
3.053,114.61871462864399,0.512639731168747,0.8824352622032166,0.5125333666801453,0.9125913977622986,0.5486940741539001,0.8754545450210571,0.5927883982658386,0.8277145624160767,0.5127460956573486,0.8206521272659302,0.5561684966087341,0.7536967992782593,0.5947439074516296,0.9142887592315674,0.4645637273788452,0.8221887946128845,0.4722594320774078,0.946748435497284,0.4940673112869262,0.7958836555480957,0.5075057148933411,0.9749690294265748,0.5260258316993713,0.8449482321739197,0.5266534090042114,0.5485225200653077,0.556057620048523,0.5927299380302429,0.5947363972663879,7.402896881170129e-06,0.00018769502639770508,land
3.069,112.60181586527965,0.512288898229599,0.8957704901695251,0.5124945044517517,0.927155077457428,0.5485158562660217,0.888566792011261,0.5927894711494446,0.8394027948379517,0.5120832920074463,0.8337931036949158,0.5561751127243042,0.7673551440238953,0.5947009921073914,0.9314280152320862,0.4653712511062622,0.8364888429641724,0.4715614020824432,0.9554052352905272,0.49653360247612,0.8098612427711487,0.5073978900909424,0.9783458709716796,0.528069019317627,0.8609544634819031,0.5256568789482117,0.5484073519706726,0.5561959505081177,0.5928869724273682,0.5947204232215881,-0.00011516809463507638,0.00013833045959465995,land
3.086,110.74703659705162,0.5118838250637054,0.9071337580680848,0.5124238729476929,0.9395962357521056,0.5482921600341797,0.9003044962882996,0.5929229259490967,0.8509638905525208,0.511343777179718,0.8473485708236694,0.5563927888870239,0.7822318077087402,0.5946365594863892,0.9470123052597046,0.4659749567508697,0.8488709330558777,0.471783697605133,0.9624034762382508,0.4969684779644012,0.8232075572013855,0.5073589086532593,0.9823694229125975,0.5284654498100281,0.873336136341095,0.5248879790306091,0.548258638381958,0.5562936782836914,0.5930688619613648,0.5947528839111328,-0.0001487135887145996,9.772777557370826e-05,land
3.103,108.73069316876956,0.5116844475269318,0.917666792869568,0.5123476982116699,0.952613651752472,0.5479573607444763,0.9131699204444884,0.5931716561317444,0.8625515103340149,0.5110211968421936,0.8601415157318115,0.5563150644302368,0.793534517288208,0.5947554111480713,0.9620246291160583,0.4665141999721527,0.8646814823150635,0.4709250628948211,0.973686933517456,0.4988641738891601,0.8352468013763428,0.5071970820426941,0.9888330698013306,0.532099187374115,0.8867203593254089,0.5247671604156494,0.5480738043785095,0.5563343524932861,0.5932636380195617,0.5948168039321899,-0.00018483400344848633,4.067420959474877e-05,land
3.119,106.39449219964976,0.5112053453922272,0.929362177848816,0.5121259093284607,0.9682044982910156,0.5478337407112122,0.9260110259056092,0.5936718583106995,0.875420331954956,0.5102847814559937,0.8726747632026672,0.556416928768158,0.8044131398200989,0.5949275493621826,0.9745161533355712,0.4660978019237518,0.8797009587287903,0.469923198223114,0.9828531742095948,0.4986313879489898,0.8479081392288208,0.5068050026893616,0.9924991130828856,0.5328446626663208,0.8993037939071655,0.524551272392273,0.5480213165283203,0.5563660144805909,0.5934192895889282,0.5949320316314697,-5.248785018918678e-05,3.166198730475411e-05,land
3.136,100.68305058823452,0.5095097720623016,0.9370880126953124,0.5094773769378662,0.9810256361961364,0.5477699041366577,0.937602996826172,0.5937622785568237,0.882602870464325,0.5095421671867371,0.8869771957397461,0.5563718676567078,0.817145824432373,0.5950635075569153,0.9753126502037048,0.4650956690311432,0.8927109837532043,0.4696796536445617,0.990099847316742,0.494447112083435,0.8621541261672974,0.506514310836792,0.9979639053344728,0.5289031267166138,0.914418876171112,0.5242046117782593,0.548006784915924,0.5563359260559082,0.5935446739196777,0.5950783729553223,-1.4531612396284643e-05,-3.0088424682661596e-05,land
3.153,101.59714251262162,0.5085862576961517,0.9499837160110474,0.5074390172958374,0.9920153617858888,0.5482534170150757,0.9496646523475648,0.5935677289962769,0.8958420157432556,0.5097334980964661,0.9007457494735718,0.5563334226608276,0.8278514742851257,0.5952771306037903,0.98114275932312,0.4601713716983795,0.9062677621841432,0.4691076278686523,0.9966304302215576,0.4881468117237091,0.8737277388572693,0.5060401558876038,0.9960703253746032,0.5073496103286743,0.92857027053833,0.5244739055633545,0.5483726143836976,0.5563749551773072,0.5932372689247132,0.5951982975006104,0.0003658294677735263,3.902912139897019e-05,land
3.169,104.82740097805441,0.5080339312553406,0.962882936000824,0.5062152147293091,1.000385046005249,0.5482195019721985,0.9627647995948792,0.5935498476028442,0.9089824557304382,0.5098526477813721,0.9145594835281372,0.5562423467636108,0.8408721685409546,0.5953682661056519,0.9917606115341188,0.4593934118747711,0.9203712940216064,0.4672489166259765,1.0130579471588137,0.4888160526752472,0.8856392502784729,0.5049349069595337,0.9948797225952148,0.5076743960380554,0.9426774978637696,0.524348795413971,0.5489699125289917,0.5563874125480652,0.5919204235076905,0.5952528595924378,0.0005972981452941895,1.245737075805664e-05,land
3.186,110.89683624096931,0.5126855969429016,0.9719354510307312,0.5117112398147583,1.0147873163223269,0.5497865080833435,0.9989838600158693,0.5916346311569214,0.9213889837265016,0.5136599540710449,0.9271016716957092,0.5565102100372314,0.855464518070221,0.5953550338745117,1.0117344856262207,0.4597547352313995,0.9350984692573548,0.4649209082126617,1.021182417869568,0.4857119619846344,0.8997383117675781,0.5027040243148804,1.007013201713562,0.4968875646591186,0.9527878165245056,0.5243165493011475,,,,,,,land
3.203,100.54426707188426,0.5150262713432312,0.980615258216858,0.5160015225410461,1.0023552179336548,0.5508202314376831,0.9621106386184692,0.5870876312255859,0.9324237108230592,0.5140510201454163,0.944687008857727,0.5564792156219482,0.8692550659179688,0.5952003598213196,1.0324009656906128,0.4672952592372894,0.9522034525871276,0.4607851803302765,1.0297693014144895,0.50368732213974,0.9101963639259338,0.5016592741012573,1.0088542699813845,0.5196573734283447,0.9644171595573424,0.5241405367851257,,,,,,,land
